id,categoria,pergunta,opcao_a,opcao_b,correta,explicacao_a,explicacao_b,produtos,imagem_pergunta
1,Reconheça a embalagem,Observe a embalagem. Qual é a função deste produto?,"Progressiva alisante sem formol, com liso por até 4 meses",Neutralizar o pH ao final de uma química,A,"É a Não Chore Mais: progressiva sem formol e sem ácido glioxílico, sem ardência, com liso de até 4 meses.","Neutralizar o pH é função do NeutraQuimic, usado ao final da química.",nao-chore-mais,nao-chore-mais
2,Reconheça a embalagem,Observe a embalagem. Qual é a função deste produto?,Limpeza profunda antes de um procedimento químico,Shampoo de uso diário para manter a química,A,É o Shampoo Anti Resíduo: remove sujidade e resíduos e prepara os fios para progressivas e selagens.,"Manutenção diária pós-química é função do Day Use, não do Anti Resíduo, que é indicado antes das químicas.",shampoo-anti-residuo,shampoo-anti-residuo
3,Reconheça a embalagem,Observe a embalagem. Qual é a função deste produto?,Reconstrutor de 5 minutos para cabelo emborrachado,Alisante orgânico de passo único com 12 óleos,B,Reconstruir cabelo emborrachado em 5 minutos é o SOS Extreme.,"É a Perfecta Bio Definitive: alinha e disciplina em um só passo, com 19 aminoácidos e 12 óleos nobres.",perfecta,perfecta
4,Reconheça a embalagem,Observe a embalagem. Qual é a função deste produto?,"Selagem semi definitiva com brilho gloss, por até 3 meses",Fluído que facilita a escova e acelera a secagem,A,"É a Selagem 3D Gloss Sealant, com BioComplex (ácido hialurônico, 19 aminoácidos, queratina, seda e macadâmia).",Facilitar a escova e secar mais rápido é função do Brush 9x1.,selagem-3d,selagem-3d
5,Reconheça a embalagem,Observe a embalagem. Qual é a função deste produto?,Spray com perfume e proteção térmica,Botox capilar que alinha e repõe massa,B,Perfume com proteção térmica é o Shield.,"É o Boratx 19 Amino: alinha, hidrata, repõe massa e sela cutículas, sem formol e sem ácido glioxílico.",boratx,boratx
6,Reconheça a embalagem,Observe a embalagem. Qual é a função deste produto?,Tratamento termoativado de alinhamento e nutrição,Leave-in para engrossar fios finos,A,"É o Perfeitox: com 19 aminoácidos e 12 óleos, é potencializado pelo calor do secador e da prancha.",Engrossar fios finos é função do Leave-in Volumize.,perfeitox,perfeitox
7,Reconheça a embalagem,Observe a embalagem. Qual é a função deste produto?,Neutralizar o pH e eliminar o cheiro após a química,Dar brilho espelhado com cauterização,A,"É o NeutraQuimic: equilibra o pH, religa as pontes de dissulfeto e elimina o mau cheiro do cabelo molhado.",Brilho espelhado com cauterização é função do CauterGloss.,neutraquimic,neutraquimic
8,Reconheça a embalagem,Observe a embalagem. Qual é a função deste produto?,Limpeza profunda antes da química,Cauterização que sela cutículas e pode ser usada por gestantes e crianças,B,Limpeza profunda pré-química é do Shampoo Anti Resíduo.,"É o CauterGloss: pH 4,5, livre de ativos agressivos, indicado para todos os cabelos e liberado para gestantes, lactantes e crianças.",cautergloss,cautergloss
9,Reconheça a embalagem,Observe a embalagem. Qual é a função deste produto?,Reconstrutor anti-emborrachamento de ação em 5 minutos,Óleo finalizador com 12 óleos nobres,A,"É o SOS Extreme: reconstrutor para cabelos muito fragilizados, com sericina, D-pantenol, nanoqueratina e elixir de 12 óleos.","O óleo com 12 óleos nobres é o Elixir 12 Oils, um finalizador.",sos-extreme,sos-extreme
10,Reconheça a embalagem,Observe a embalagem. Qual é a função deste produto?,Shampoo + máscara de cronograma capilar em passo único,Kit para tratar o couro cabeludo,A,"É o Pra Tudo 25 Ativos: shampoo e máscara que hidratam, nutrem e reconstroem com um só produto.",Tratar o couro cabeludo é o kit Scalp Repair.,pra-tudo,pra-tudo
11,Reconheça a embalagem,Observe a embalagem. Qual é a função deste produto?,Kit diário de shampoo e máscara para manter a química,Progressiva de passo único,A,"É o Day Use Pós-Química: shampoo e máscara que prolongam o resultado de progressivas, colorações e descolorações.","Alisar em passo único é função da Perfecta, não do Day Use.",day-use-pos-quimica,day-use-pos-quimica
12,Reconheça a embalagem,Observe a embalagem. Qual é a função deste produto?,"Linha de 3 passos para nutrir, com óleos preciosos",Linha de 3 passos para reconstruir com queratina,A,"É o Day Use Super Nutrição: shampoo, condicionador e máscara com óleos como macadâmia e coco, indicados a cabelos porosos e com frizz.",Reconstruir com queratina é o Day Use Super Reparação.,day-use-nutricao,day-use-nutricao
13,Reconheça a embalagem,Observe a embalagem. Qual é a função deste produto?,"Linha de 3 passos para hidratar, com pantenol e ácido hialurônico",Linha de 3 passos para nutrir com óleos,A,"É o Day Use Super Hidratação, indicado a cabelos ressecados, danificados e opacos.",Nutrir com óleos é o Day Use Super Nutrição.,day-use-hidratacao,day-use-hidratacao
14,Reconheça a embalagem,Observe a embalagem. Qual é a função deste produto?,Linha de 3 passos para hidratar,"Linha de 3 passos para reparar e fortalecer, com queratina",B,Hidratar com pantenol e ácido hialurônico é o Day Use Super Hidratação.,"É o Day Use Super Reparação: queratina, proteína da seda e da soja contra a quebra.",day-use-reparacao,day-use-reparacao
15,Reconheça a embalagem,Observe a embalagem. Qual é a função deste produto?,Tratar queda e irritação do couro cabeludo após química,Engrossar fios finos,A,"É o Scalp Repair: restaura o pH do couro, reduz a inflamação e fortalece folículos.",Engrossar fios finos é função do Leave-in Volumize.,scalp-repair,scalp-repair
16,Reconheça a embalagem,Observe a embalagem. Qual é a função deste produto?,Leave-in que engrossa fios finos e afinados,Tratar queda e irritação do couro cabeludo,A,"É o Volumize: aumenta o calibre do fio, dá densidade e protege do calor.",Tratar o couro cabeludo é o Scalp Repair.,volumize,volumize
17,Reconheça a embalagem,Observe a embalagem. Qual é a função deste produto?,Fluído 9 em 1 que acelera a secagem,Óleo finalizador com 12 óleos nobres,B,Acelerar a secagem é o Brush 9x1.,"É o Elixir 12 Oils: nutrição sem peso, antifrizz e brilho.",elixir-12-oils,elixir-12-oils
18,Reconheça a embalagem,Observe a embalagem. Qual é a função deste produto?,Queratina líquida em spray,"Óleo leve com ômegas 3, 6 e 9 que nutre sem pesar",B,Queratina líquida em spray é o Biokeratin.,"É o Elixir Light, leve e multifuncional.",elixir-light,elixir-light
19,Reconheça a embalagem,Observe a embalagem. Qual é a função deste produto?,Spray protetor térmico perfumado,"Reparar pontas com argan, macadâmia e linum",B,O spray perfumado com proteção térmica é o Shield.,"É o Óleo de Argan e Macadâmia, reparador de pontas.",oleo-argan,oleo-argan
20,Reconheça a embalagem,Observe a embalagem. Qual é a função deste produto?,Fluído 9 em 1 que reduz até 30% o tempo de secagem,Óleo para umectação noturna,A,"É o Brush 9x1: protege do calor e da cor, desembaraça e dá brilho 3D.",Umectação noturna é uso de óleos como Elixir.,brush,brush
21,Reconheça a embalagem,Observe a embalagem. Qual é a função deste produto?,Máscara de reconstrução,Perfume capilar com protetor térmico e desembaraçante,B,Reconstruir com máscara é função de produtos como SOS Extreme e Day Use.,"É o Shield: protege do calor, desembaraça cabelo seco ou molhado e perfuma.",shield,shield
22,Reconheça a embalagem,Observe a embalagem. Qual é a função deste produto?,Queratina líquida bioidêntica em spray,Leave-in para dar volume,A,"É o Biokeratin, queratina feita por engenharia genética para imitar a humana.",Volume em fios finos é função do Volumize.,biokeratin,biokeratin
23,Modo de uso,Qual é o protocolo correto de pausa e enxágue da Não Chore Mais?,Pausa de 10 minutos e enxágue de 70% do produto,"Pausa de 40 a 70 minutos e enxágue de 100% do produto, só com água",B,"10 min e 70% de enxágue é o protocolo do CauterGloss, não da progressiva.","Menos tempo em cabelo danificado e mais em cabelo virgem, grosso ou afro. É essencial remover todo o produto antes de secar e passar a prancha (10 a 20 vezes em mechas finas).",nao-chore-mais,
24,Cuidados e avisos,O que fazer durante a pausa da Não Chore Mais?,Não massagear o produto no couro cabeludo nem usar touca ou plástico,Cobrir com touca plástica para o produto agir melhor,A,"A aplicação evita o couro cabeludo, e a touca ou a massagem não são indicadas na pausa. Também se evita expor a cabeça ao sol.",Touca ou plástico na pausa não é indicado pelo protocolo da progressiva.,nao-chore-mais,
25,Qual usar?,"Depois da progressiva, o que usar nas 3 primeiras lavagens?",NeutraQuimic,Shampoo Anti Resíduo,A,"O NeutraQuimic equilibra o pH e religa as pontes de dissulfeto, o que ajuda a prolongar o liso.","O Anti Resíduo é para antes das químicas, para limpar o fio.",nao-chore-mais|neutraquimic|shampoo-anti-residuo,
26,Modo de uso,Quando usar o Shampoo Anti Resíduo?,"Antes de procedimentos químicos, como progressiva e selagem","Todos os dias, como shampoo de manutenção",A,"Ele limpa profundamente e prepara os fios. A orientação é usá-lo antes das químicas, não diariamente.",Para uso diário pós-química a marca tem a linha Day Use.,shampoo-anti-residuo,
27,O que é e para que serve,O que diferencia a Perfecta de outros alisantes da linha?,"É de passo único e o creme é claro, sem pigmento matizador",Tem dois passos e pigmento matizador,A,"A Perfecta é aplicada em um só passo, sem pigmento matizador, com 12 óleos e ácido hialurônico aumentado.",Esse não é o perfil da Perfecta: ela é de passo único e sem pigmento.,perfecta,
28,Modo de uso,Com que frequência aplicar CauterGloss para manter o brilho de um alisamento da Borabella?,A cada 6 meses,A cada 20 dias,B,6 meses é espaço demais para manter o selamento cuticular.,"O CauterGloss a cada 20 dias revitaliza brilho e maciez e prolonga o selamento. Pode ser usado sempre que necessário, pois não tem ativos agressivos.",cautergloss|perfecta,
29,Cuidados e avisos,Em qual cabelo a Selagem 3D NÃO deve ser usada?,"Tons 9 ou mais, loiros claríssimos ou brancos",Cabelos cacheados,A,"A marca avisa para não usar em tons iguais ou acima de 9, e para fazer teste de mecha em cabelos fracos, finos ou descoloridos.","A Selagem 3D é indicada também para cacheados, ondulados e coloridos (tom até 8).",selagem-3d,
30,Benefícios,Qual é a duração do resultado da Selagem 3D?,Até 4 meses,Até 3 meses,B,Até 4 meses é a duração anunciada da progressiva Não Chore Mais.,"A Selagem tem resultado por até 3 meses, sem ardência e compatível com outras marcas.",selagem-3d|nao-chore-mais,
31,O que é e para que serve,Qual afirmação sobre o Boratx está correta?,Contém formol em baixa concentração,Não contém formol nem ácido glioxílico e tem 19 aminoácidos,B,Toda a linha Borabella é livre de formol.,"O Boratx é livre de formol e ácido glioxílico, com BioComplex (aminoácidos, ácidos aspártico e glutâmico, hialurônico e proteína da seda).",boratx,
32,Cuidados e avisos,"Antes de aplicar o Boratx, o que a marca recomenda?",Fazer teste de mecha,"Aplicar direto, sem teste, pois é compatível com tudo",A,"Ele é compatível com químicas anteriores, mas o teste de mecha é recomendado.",Compatibilidade não dispensa o teste de mecha.,boratx,
33,O que é e para que serve,O que significa o Perfeitox ser 'termoativado'?,"Só funciona em cabelo seco ao natural, sem calor",A fórmula é potencializada pelo calor do secador e da prancha,B,É o contrário: o calor ajuda a ativar o tratamento.,A ação termoativada dá resultados mais rápidos e visíveis com secadores e pranchas.,perfeitox,
34,Benefícios,Qual ativo do Perfeitox sela as cutículas e dá brilho gloss?,Extrato de tamarindo,Óleo de rícino,A,O extrato de tamarindo confere brilho gloss e sela as cutículas no Perfeitox.,"O óleo de rícino aparece no Brush, não é o ativo de brilho do Perfeitox.",perfeitox|brush,
35,Modo de uso,Qual é o tempo de pausa do NeutraQuimic?,10 a 15 minutos,40 a 70 minutos,A,"Após a química, aplique no cabelo úmido da raiz às pontas, enluvando e massageando o couro, por 10 a 15 min.",40 a 70 min é a pausa da progressiva Não Chore Mais.,neutraquimic,
36,Qual usar?,A cliente reclama de mau cheiro quando o cabelo molha após progressiva ácida. Qual produto?,NeutraQuimic,CauterGloss,A,O cheiro vem da liberação de enxofre; o NeutraQuimic neutraliza e elimina o mau cheiro quando molhado.,"O CauterGloss sela e dá brilho, mas a função de eliminar o cheiro é do NeutraQuimic.",neutraquimic|cautergloss,
37,Cuidados e avisos,"O CauterGloss pode ser usado em gestantes, lactantes e crianças?","Não, é só para adultos","Sim, é livre de ativos agressivos e tem pH 4,5",B,"O CauterGloss é liberado, inclusive para crianças.","A marca libera o uso, pois ele não tem aldeídos, ácidos ou químicas agressivas.",cautergloss,
38,Qual usar?,"Cabelo reto, poroso e fragilizado que não pode mais receber química. O que indicar?",CauterGloss,Uma nova progressiva,A,"O CauterGloss entrega antifrizz, brilho e reparação sem nova química.",Mais química em fio fragilizado pode causar mais dano.,cautergloss,
39,Modo de uso,Como finalizar a aplicação do CauterGloss?,Deixar 10 min e enxaguar 70% do produto,Deixar 40 min e enxaguar 100%,A,"O cabelo úmido recebe o produto e, após 10 min, enxágua-se 70%. Depois escova-se (prancha de 4 a 6 vezes, máx. 190 °C) ou seca-se ao natural, se cacheado.","Esse é o protocolo da progressiva, não do CauterGloss.",cautergloss|nao-chore-mais,
40,Modo de uso,Como usar o SOS Extreme?,40 minutos e enxágue com shampoo,"Da raiz às pontas, 5 minutos, enxágue só com água",B,"Esse tempo não é o do SOS, que age em apenas 5 minutos.","Aplicação rápida: enluvar e massagear, 5 min, enxaguar apenas com água.",sos-extreme,
41,Qual usar?,"Cabelo elástico, emborrachado e que quebra na escova. O que indicar?",SOS Extreme,Selagem 3D,A,"O SOS Extreme é anti-quebra e anti-emborrachamento, facilitando o desembaraço, e é compatível com todas as químicas.","A selagem seria nova química, o oposto do que o fio precisa.",sos-extreme|selagem-3d,
42,Modo de uso,Como funciona o cronograma do Pra Tudo?,6 aplicações com intervalo de 4 dias,1 aplicação por mês,A,"Para repor massa, hidratar, nutrir e reparar, a marca indica 6 aplicações a cada 4 dias.",Uma por mês é pouco para o cronograma.,pra-tudo,
43,Benefícios,Qual é o diferencial da máscara Pra Tudo?,Só hidrata e exige condicionador,"Hidrata, nutre e reconstrói com um único produto, com mais de 25 ativos",B,"O Pra Tudo une hidratação, nutrição e reconstrução em um passo.","São mais de 25 ativos, incluindo nanoqueratina, colágeno, proteína da seda e 16 aminoácidos.",pra-tudo,
44,Modo de uso,Como aplicar a máscara Pra Tudo?,Enxaguar imediatamente,Deixar 5 a 10 min e enxaguar 80%,B,Enxaguar na hora não deixa o tratamento agir.,"Aplique da raiz às pontas, mecha a mecha, deixe 5 a 10 min e enxágue 80%. Ela também pode ser ativada com escova.",pra-tudo,
45,Cuidados e avisos,Quem pode usar o Day Use Pós-Química?,"Gestantes e lactantes, em qualquer cabelo e química",Apenas cabelos virgens,A,Ele é liberado para gestantes e lactantes e compatível com todos os cabelos e químicas.,Ele foi feito justamente para cabelos que passaram por química.,day-use-pos-quimica,
46,O que é e para que serve,Quantos passos tem o kit Day Use Pós-Química?,"3 (shampoo, condicionador e máscara)",2 (shampoo e máscara),B,"Shampoo, condicionador e máscara são as linhas Day Use Super.",O kit é composto por shampoo e máscara; a máscara fica de 5 a 7 min.,day-use-pos-quimica,
47,Qual usar?,"Cabelo poroso, opaco e com frizz. Qual linha Day Use indicar?",Super Reparação,Super Nutrição,B,A Reparação foca em quebra e fios quimicamente tratados.,"A Super Nutrição traz óleos como macadâmia, coco e babaçu para nutrir e controlar o frizz.",day-use-nutricao|day-use-reparacao,
48,Qual usar?,Qual linha Day Use traz pantenol e ácido hialurônico para ressecados e opacos?,Super Nutrição,Super Hidratação,B,A Nutrição usa óleos preciosos e vitaminas A e E.,Esses ativos hidratam e protegem contra ressecamento.,day-use-hidratacao|day-use-nutricao,
49,Qual usar?,Fios frágeis e quebradiços por química. Qual linha Day Use?,Super Hidratação,Super Reparação,B,"A Hidratação trabalha ressecamento, não quebra.","Queratina hidrolisada, proteína da seda e da soja fortalecem a fibra.",day-use-reparacao|day-use-hidratacao,
50,Modo de uso,"Nas linhas Day Use Super, qual é o tempo correto de condicionador e máscara?",Condicionador 3 a 5 min; máscara 5 a 7 min,Condicionador 10 min; máscara 1 min,A,O condicionador é desembaraçado com os dedos antes do enxágue; a máscara é enluvada.,Esse tempo não segue o protocolo.,day-use-hidratacao,
51,Modo de uso,Qual é a ordem de uso do kit Scalp Repair?,"Fluido, depois enxágue e shampoo","Shampoo, condicionador e depois fluido sem enxágue",B,O fluido é a última etapa.,Shampoo: 3 min e ao menos 2 aplicações. Condicionador: 3 min. O fluido vai no couro cabeludo e não se enxágua.,scalp-repair,
52,O que é e para que serve,Por que o couro cabeludo pode irritar e cair após a química?,O pH natural é cerca de 5 e as químicas operam em pH 2 ou até 11,Porque o cabelo estava sujo,A,"Esse desequilíbrio altera a microbiota e pode causar coceira, vermelhidão e queda. O Scalp Repair restaura o pH.",A causa é o desequilíbrio de pH.,scalp-repair,
53,Modo de uso,Como aplicar o Leave-in Volumize?,"No cabelo úmido, do meio às pontas, sem enxaguar","Na raiz com cabelo seco, depois enxaguar",A,"Pequena quantidade, distribuída com as mãos ou pente; seca ao natural ou com secador.","Ele é um leave-in, sem enxágue, e vai do meio às pontas.",volumize,
54,Qual usar?,Cabelo fino e afinado por químicas. O que indicar para dar corpo?,Elixir Light,Leave-in Volumize,B,"O Elixir Light nutre sem pesar, mas não é indicado para engrossar o fio.",O Volumize aumenta o calibre da fibra e a densidade.,volumize|elixir-light,
55,Qual usar?,Cliente com queda e irritação do couro após descoloração. O que indicar?,Scalp Repair,Biokeratin,A,"O Scalp Repair age no couro, restaurando o pH e fortalecendo folículos.","A Biokeratin é spray para recuperar o fio, não trata o couro.",scalp-repair|biokeratin,
56,Modo de uso,Como usar o Elixir 12 Oils como umectação?,Aplicar no comprimento e pontas antes de dormir,Aplicar na raiz pela manhã,A,O óleo também serve como pré-shampoo nos fios secos e pode ser misturado à máscara.,"A umectação é no comprimento e pontas, antes de dormir.",elixir-12-oils,
57,O que é e para que serve,Qual a diferença do Elixir Light para o Elixir 12 Oils?,"O Light é leve, com ômegas 3, 6 e 9; o 12 Oils reúne 12 óleos nobres",O Light tem pigmento matizador,A,Ambos são finalizadores; o Light é a opção que nutre sem pesar.,Nenhum dos dois tem pigmento.,elixir-light|elixir-12-oils,
58,O que é e para que serve,Qual é a composição do Óleo de Argan e Macadâmia?,"Rícino, pracaxi e sericina","Argan, macadâmia e linum",B,"Rícino, pracaxi e sericina fazem parte do Brush.",São os óleos do reparador de pontas.,oleo-argan|brush,
59,Benefícios,Em quanto o Brush reduz o tempo de secagem?,Até 70%,Até 30%,B,70% é o índice de redução de acúmulo de danos do NeutraQuimic.,"O Brush também tem proteção térmica, da cor e UV.",brush|neutraquimic,
60,Modo de uso,Como aplicar o Brush?,Aplicar apenas no cabelo seco,"Agitar, borrifar no cabelo úmido sem excesso de água e secar",B,O Brush é aplicado no úmido.,"Depois de lavar e tirar o excesso de água, borrife no comprimento e escove ou seque ao natural.",brush,
61,Modo de uso,Quais são os usos do Shield?,Apenas perfume,"Protetor térmico no molhado, desembaraçante a seco e perfume",B,O Shield é multifuncional.,"No molhado, borrife antes do secador ou da prancha; a seco, antes de escova ou pente; como perfume, borrife levemente.",shield,
62,Modo de uso,Como usar a Biokeratin?,"Borrifar no cabelo limpo e úmido, esperar 5 min e secar sem enxaguar",Aplicar e enxaguar após 5 min,A,"Depois de aguardar, seque com secador e escova e finalize como preferir.",Ela não é enxaguada.,biokeratin,
63,O que é e para que serve,Por que a Biokeratin é 'bioidêntica'?,É feita de queratina animal convencional,Foi desenvolvida por engenharia genética para imitar a queratina humana,B,A fórmula é desenvolvida em laboratório.,Por isso penetra nas camadas profundas e fortalece sem enrijecer.,biokeratin,
64,Qual usar?,"Para facilitar a escova e secar mais rápido, o que usar?",Elixir 12 Oils,Brush 9x1,B,O Elixir 12 Oils é finalizador que nutre e dá brilho.,O Brush facilita o deslizamento da escova e reduz até 30% o tempo de secagem.,brush|elixir-12-oils,
