slug,nome,linha,resumo,imagem_url
nao-chore-mais,Não Chore Mais – Progressiva Alisante (Passo 2),Alisamento,Progressiva alisante sem formol e sem ácido glioxílico; liso por até 4 meses.,https://www.borabella.com.br/wp-content/uploads/2026/03/nao_chore_mais_transparente_06.png
shampoo-anti-residuo,Shampoo Anti Resíduo Abre Cutículas (Passo 1),Preparação,Limpeza profunda antes de procedimentos químicos.,https://static.dotcosmeticos.com.br/media/catalog/product/cache/1/thumbnail/450x450/040ec09b1e35df139433887a97daa66f/b/o/borabella-ncm-shampoo-antirresiduo-1l-dot_1_2.png
perfecta,Perfecta Bio Definitive 12 Oils,Alisamento,"Alisante orgânico de passo único com 19 aminoácidos e 12 óleos; creme claro, sem pigmento matizador.",https://www.borabella.com.br/wp-content/uploads/2026/03/perfecta_transparente.png
selagem-3d,Selagem 3D Brilho Gloss Sealant,Selagem,Selagem semi definitiva com BioComplex; resultado por até 3 meses.,https://www.borabella.com.br/wp-content/uploads/2026/03/selagem_transparente-01.png
boratx,Boratx 19 Amino (Bt-o.x),Botox capilar,"Alinha, hidrata e repõe massa; sem formol e sem ácido glioxílico.",https://www.borabella.com.br/wp-content/uploads/2026/05/home_boratx_2026-01.png
perfeitox,Perfeitox Bio Definitive System 12 Oils,Alinhamento,Tratamento termoativado de alinhamento e nutrição com 19 aminoácidos e 12 óleos.,https://www.borabella.com.br/wp-content/uploads/2026/07/perfeitox_2026_001.png
neutraquimic,NeutraQuimic,Pós-química,"Neutraliza o pH, religa pontes de dissulfeto e elimina o cheiro após a química.",https://www.borabella.com.br/wp-content/uploads/2026/03/Neutraquimic-26-002.png
cautergloss,CauterGloss – Espelhamento e Blindagem Cuticular,Cauterização,"Cauterização pH 4,5 que sela cutículas; liberada para gestantes, lactantes e crianças.",https://www.borabella.com.br/wp-content/uploads/2026/03/Cauter-Gloss-a-650.png
sos-extreme,SOS Extreme – Reconstrutor Anti-Emborrachamento,Reconstrução,Reconstrutor de ação rápida (5 min) para cabelos muito danificados ou emborrachados.,https://www.borabella.com.br/wp-content/uploads/2025/12/sos_3d_transparente-2025-1.png
pra-tudo,Pra Tudo 25 Ativos – Cronograma Capilar Único,Tratamento,"Shampoo + máscara que hidrata, nutre e reconstrói com um único produto.",https://www.borabella.com.br/wp-content/uploads/2025/11/3D_fundo_transparente.png
day-use-pos-quimica,Day Use Kit Pós-Química,Home care,Kit diário (shampoo + máscara) que prolonga o resultado das químicas.,https://www.borabella.com.br/wp-content/uploads/2024/08/produto_dayuse_24.png
day-use-nutricao,Day Use Super Nutrição,Home care,"Shampoo, condicionador e máscara com óleos preciosos para nutrir e controlar o frizz.",https://www.borabella.com.br/wp-content/uploads/2025/03/day_use_nutricao1080.png
day-use-hidratacao,Day Use Super Hidratação,Home care,"Shampoo, condicionador e máscara com pantenol e ácido hialurônico para hidratar.",https://www.borabella.com.br/wp-content/uploads/2025/03/day_use_hidratacao1080.png
day-use-reparacao,Day Use Super Reparação,Home care,"Shampoo, condicionador e máscara com queratina e proteínas para fortalecer.",https://www.borabella.com.br/wp-content/uploads/2025/03/day_use_reparacao1080.png
scalp-repair,Scalp Repair (kit 3 etapas),Couro cabeludo,"Shampoo, condicionador e fluido que tratam queda, quebra e irritação pós-química.",https://www.borabella.com.br/wp-content/uploads/2025/03/scalp-repair.png
volumize,Leave-in Volumize,Fios finos,Leave-in que engrossa e dá corpo a fios finos e afinados.,https://www.borabella.com.br/wp-content/uploads/2026/05/volumize_borabella.png
elixir-12-oils,Elixir 12 Oils,Finalizador,Óleo finalizador e protetor com 12 óleos nobres.,https://www.borabella.com.br/wp-content/uploads/2026/08/elixir-12oils-2026.png
elixir-light,Elixir Light,Finalizador,"Óleo leve com ômegas 3, 6 e 9 que nutre sem pesar.",https://www.borabella.com.br/wp-content/uploads/2024/10/Borabella_Elixir_Light.png
oleo-argan,Óleo de Argan e Macadâmia,Finalizador,"Reparador de pontas com argan, macadâmia e linum.",https://www.borabella.com.br/wp-content/uploads/2026/08/argan_oil2x-2026.png
brush,Fluído de Escova Brush 9x1,Finalizador,Fluído termoativado 9 em 1 que facilita a escova e reduz até 30% o tempo de secagem.,https://www.borabella.com.br/wp-content/uploads/2026/05/brush_transparente_2026-1.png
shield,Shield – Perfume e Protetor Térmico,Finalizador,"Spray que une protetor térmico, desembaraçante e perfume capilar.",https://www.borabella.com.br/wp-content/uploads/2025/02/shield_3d_2025.png
biokeratin,Biokeratin – Queratina Líquida Bioidêntica,Tratamento,Queratina líquida em spray que repara sem enrijecer.,https://www.borabella.com.br/wp-content/uploads/2025/03/Biokeratin-240ML-nova.png
